iter	Logloss
0	0.006972763937
1	0.0006979051022
2	0.0003278874227
3	0.0002313582423
4	0.000127244953
5	8.871235115e-05
6	6.869102108e-05
7	5.458889025e-05
8	4.872625982e-05
9	4.410655589e-05
